fecha,local_id,fk_region,fk_comuna,fk_localidad,local_nombre,comuna_nombre,localidad_nombre,local_direccion,funcionamiento_hora_apertura,funcionamiento_hora_cierre,local_telefono,local_lat,local_lng,funcionamiento_dia,ID,Fecha_Ingesta
2024-09-17,2,6,56,12,CRUZ VERDE,LA CALERA,LA CALERA,J.J. PEREZ 202,09:00:00,08:59:00,+562724714,-32.788066282624,-71.1897310126255,martes,2024-09-17-2-6-56-12,2024-09-17 17:43:24.712036
2024-09-17,40,6,62,435,EL MELON,NOGALES,EL MELON,ISABEL BROWN N° 123,12:00:00,21:00:00,+56034 - 2591629,-32.6892394828406,-71.2148068285658,martes,2024-09-17-40-6-62-435,2024-09-17 17:43:24.712036
2024-09-17,59,6,70,54,AHUMADA,QUILPUE,LOS PINOS,LAS BARRANCAS 2491 L 3C Y  4D,09:00:00,21:00:00,+56232740640,-33.0661975068523,-71.4228941507292,martes,2024-09-17-59-6-70-54,2024-09-17 17:43:24.712036
2024-07-01,81,6,80,41,AHUMADA,VIÑA DEL MAR,VIÑA DEL MAR URGENCIA,AV. LIBERTAD N° 335,00:00:00,23:59:00,+560226313145,-33.0189172526154,-71.5510733225955,lunes,2024-07-01-81-6-80-41,2024-09-17 17:43:24.712036
2024-09-17,84,6,80,28,AHUMADA,VIÑA DEL MAR,PLAN DE VIÑA,AV. VALPARAISO 720,09:00:00,23:00:00,+56020226313226,-33.0250661872842,-71.5524172340872,martes,2024-09-17-84-6-80-28,2024-09-17 17:43:24.712036
2024-07-01,94,6,80,41,CRUZ VERDE,VIÑA DEL MAR,VIÑA DEL MAR URGENCIA,AV. VALPARAISO N° 404,00:00:00,23:59:00,+56322714044,-33.024369299178,-71.5569460874684,lunes,2024-07-01-94-6-80-41,2024-09-17 17:43:24.712036
2024-09-17,164,6,78,2,DR. SIMI,VALPARAISO,PLAN VALPARAISO,CONDELL Nº1509  LOCAL  2,09:00:00,23:00:00,+562157243,-33.046159219172,-71.6213619359347,martes,2024-09-17-164-6-78-2,2024-09-17 17:43:24.712036
2024-09-17,172,6,78,29,NACIONAL,VALPARAISO,PLAYA ANCHA,AV. PLAYA ANCHA Nº 257,10:00:00,18:00:00,+56322156469,-33.0300071527984,-71.6365002173736,martes,2024-09-17-172-6-78-29,2024-09-17 17:43:24.712036
2024-07-01,186,6,78,1,CRUZ VERDE,VALPARAISO,VALPARAISO URGENCIA,AV. PEDRO MONTT 1902,00:00:00,23:59:00,+56322745048,-33.0470628068749,-71.6169778733873,lunes,2024-07-01-186-6-78-1,2024-09-17 17:43:24.712036
2024-09-17,196,6,45,3,CRUZ VERDE,ALGARROBO,ALGARROBO,AV. IGNACIO CARRERA PINTO ESQUINA DR. GUILLERMO MÜCKE,09:00:00,23:00:00,+562481876,-33.3690854924785,-71.6691682588718,martes,2024-09-17-196-6-45-3,2024-09-17 17:43:24.712036
2024-09-17,227,6,77,39,CRUZ VERDE,SANTO DOMINGO,SANTO DOMINGO,AV. EL GOLF Nº05,09:00:00,21:00:00,+562442803,-33.6403611606981,-71.6267027978355,martes,2024-09-17-227-6-77-39,2024-09-17 17:43:24.712036
2024-09-17,245,6,46,4,CABILDO,CABILDO,CABILDO,AV. HUMERES N° 753,09:00:00,23:00:00,+562763055,-32.4269387133692,-71.0678172203613,martes,2024-09-17-245-6-46-4,2024-09-17 17:43:24.712036
2024-09-17,256,6,58,14,AHUMADA,LA LIGUA,LA LIGUA,ORTIZ DE ROZAS N°476,09:00:00,08:59:00,+560226313557,-32.4489133146027,-71.2307304599377,martes,2024-09-17-256-6-58-14,2024-09-17 17:43:24.712036
2024-09-17,269,6,61,20,AHUMADA,LOS ANDES,LOS ANDES,ESMERALDA N° 315,09:00:00,08:59:00,+56026313652,-32.8332614878186,-70.5975864663555,martes,2024-09-17-269-6-61-20,2024-09-17 17:43:24.712036
2024-09-17,271,6,65,25,DEL VALLE,PAPUDO,PAPUDO,DOMINGO FERNANDEZ CONCHA 303,09:00:00,21:00:00,+5633+56951881267,-32.5080766044502,-71.444921108031,martes,2024-09-17-271-6-65-25,2024-09-17 17:43:24.712036
2024-09-17,274,6,68,31,NUEVA ANTONIO,PUTAENDO,PUTAENDO,A. CAMUS  90,09:00:00,21:00:00,+56342501989,-32.6258032740768,-70.7168742510353,martes,2024-09-17-274-6-68-31,2024-09-17 17:43:24.712036
2024-09-17,287,6,76,38,FARMAVIDA,SANTA MARIA,SANTA MARIA,TRES CARRERA S/N ESQUINA O'HIGGINS,09:30:00,20:00:00,+56+56996490798,-32.7485710741327,-70.6566197761406,martes,2024-09-17-287-6-76-38,2024-09-17 17:43:24.712036
2024-09-17,289,6,81,42,CRUZ VERDE,ZAPALLAR,ZAPALLAR,MOISES CHACON N° 140,09:00:00,19:00:00,+562741991,-32.5543541382821,-71.455588123027,martes,2024-09-17-289-6-81-42,2024-09-17 17:43:24.712036
2024-09-17,296,6,55,52,SALCOBRAND,JUAN FERNANDEZ,JUAN FERNANDEZ,"MANZANA 16, SITIO 7",09:00:00,17:00:00,+56224223300 anexo 5499,-33.635261,-78.831572,martes,2024-09-17-296-6-55-52,2024-09-17 17:43:24.712036
2024-09-17,302,6,80,10,CRUZ VERDE,VIÑA DEL MAR,GOMEZ CARREÑO - REÑACA ALTO,AV. ALESSANDRI 4085 LOCAL 1120,09:00:00,21:00:00,+56322230180,-32.9975089111507,-71.5129951580062,martes,2024-09-17-302-6-80-10,2024-09-17 17:43:24.712036
2024-09-17,306,6,80,22,SAN JAVIER,VIÑA DEL MAR,MIRAFLORES ALTO,EL MEMBRILLO 3150 LOCAL 8,09:00:00,21:00:00,+56322646625,-33.0207553549397,-71.5156242808765,martes,2024-09-17-306-6-80-22,2024-09-17 17:43:24.712036
2024-07-01,335,2,9,65,FARMACIA CRUZ VERDE ,IQUIQUE,IQUIQUE,TARAPACA 496,00:00:00,23:59:00,+562425641,-20.213904,-70.150348,lunes,2024-07-01-335-2-9-65,2024-09-17 17:43:24.712036
2024-09-17,490,6,71,34,NUEVA SALUD,QUINTERO,QUINTERO,AV. NORMANDIE 2680 L-1,09:00:00,08:59:00,+56322935087,-32.7924497555717,-71.5266699049151,martes,2024-09-17-490-6-71-34,2024-09-17 17:43:24.712036
2024-09-17,757,7,83,102,DEL DR. SIMI ,BUIN,BUIN,SANTA MARÍA N° 304,08:00:00,07:59:00,+560228211152,-33.733185,-70.737136,martes,2024-09-17-757-7-83-102,2024-09-17 17:43:24.712036
2024-07-01,796,7,87,106,AHUMADA,COLINA,COLINA,CAMINO CHICUREO ESQUINA LOS INGLESES. LOCAL 13.,00:00:00,23:59:00,,-33.285167,-70.680634,lunes,2024-07-01-796-7-87-106,2024-09-17 17:43:24.712036
2024-09-17,815,7,88,107,BELEN,CONCHALI,CONCHALI,Pasaje La Palma 3370-A,08:00:00,07:59:00,+5622477423,-33.397463874379824,-70.67100998776628,martes,2024-09-17-815-7-88-107,2024-09-17 17:43:24.712036
2024-09-17,827,7,89,108,CRUZ VERDE,CURACAVI,CURACAVI,PRESBITERO MORAGA SUR 1,09:00:00,21:00:00,+560228352715,-33.402767,-71.129139,martes,2024-09-17-827-7-89-108,2024-09-17 17:43:24.712036
2024-07-01,905,7,94,113,URGENCIA - CRUZ VERDE,INDEPENDENCIA,INDEPENDENCIA,INDEPENDENCIA 2127. INTERIOR MONTSERRAT,00:00:00,23:59:00,+5627777528,-33.40684316462889,-70.6601390624962,lunes,2024-07-01-905-7-94-113,2024-09-17 17:43:24.712036
2024-07-01,928,7,96,115,URGENCIA - AHUMADA,LA CISTERNA,LA CISTERNA,FERNANDEZ  ALBANO 27,00:00:00,23:59:00,+5626313297,-33.5237665723986,-70.66011239748383,lunes,2024-07-01-928-7-96-115,2024-09-17 17:43:24.712036
2024-07-01,954,7,97,510,URGENCIA - AHUMADA,LA FLORIDA,LA FLORIDA URGENCIA,LA FLORIDA 9497,00:00:00,23:59:00,+560226313292,-33.543243,-70.570288,lunes,2024-07-01-954-7-97-510,2024-09-17 17:43:24.712036
2024-07-01,968,7,97,510,URGENCIA - CRUZ VERDE,LA FLORIDA,LA FLORIDA URGENCIA,AV. AMERICO VESPUCIO 7500,00:00:00,23:59:00,+5622862541,-33.522077,-70.597461,lunes,2024-07-01-968-7-97-510,2024-09-17 17:43:24.712036
2024-07-01,970,7,97,510,URGENCIA - CRUZ VERDE,LA FLORIDA,LA FLORIDA URGENCIA,LA FLORIDA  9385. COSTADO SANTA ISABEL,00:00:00,23:59:00,+5622971277,-33.539997,-70.571672,lunes,2024-07-01-970-7-97-510,2024-09-17 17:43:24.712036
2024-09-17,1032,7,99,118,SANTA ROSA SUR,LA PINTANA,LA PINTANA,PORTO  ALEGRE 12604,09:00:00,21:00:00,+5602225365083,-33.579892,-70.638617,martes,2024-09-17-1032-7-99-118,2024-09-17 17:43:24.712036
2024-07-01,1043,7,100,493,URGENCIA - AHUMADA ,LA REINA,LA REINA URGENCIA,AV. FRANCISCO BILBAO 7391,00:00:00,23:59:00,+5626313205,-33.43071187141251,-70.55490532869719,lunes,2024-07-01-1043-7-100-493,2024-09-17 17:43:24.712036
2024-07-01,1096,7,102,495,URGENCIA - AHUMADA ,LAS CONDES,LAS CONDES URGENCIA,CRISTOBAL COLON  5090,00:00:00,23:59:00,+5626313058,-33.41878,-70.572098,lunes,2024-07-01-1096-7-102-495,2024-09-17 17:43:24.712036
2024-07-01,1097,7,102,495,URGENCIA - AHUMADA ,LAS CONDES,LAS CONDES URGENCIA,SAN DAMIAN 20,00:00:00,23:59:00,+5622156808,-33.376502,-70.525642,lunes,2024-07-01-1097-7-102-495,2024-09-17 17:43:24.712036
2024-07-01,1144,7,102,495,URGENCIA - SALCOBRAND,LAS CONDES,LAS CONDES URGENCIA,LAS CONDES 12145,00:00:00,23:59:00,+5622154653,-33.373666,-70.519669,lunes,2024-07-01-1144-7-102-495,2024-09-17 17:43:24.712036
2024-07-01,1156,7,102,495,URGENCIA - SALCOBRAND ,LAS CONDES,LAS CONDES URGENCIA,PADRE HURTADO NORTE 40,00:00:00,23:59:00,+5622248248,-33.394043,-70.545963,lunes,2024-07-01-1156-7-102-495,2024-09-17 17:43:24.712036
2024-07-01,1161,7,103,122,URGENCIA - AHUMADA,LO BARNECHEA,LO BARNECHEA,AV. LA DEHESA 457. LOCAL 1,00:00:00,23:59:00,+5626313285,-33.362883,-70.514956,lunes,2024-07-01-1161-7-103-122,2024-09-17 17:43:24.712036
2024-09-17,1175,7,104,123,GIRENO,LO ESPEJO,LO ESPEJO,AV. GABRIELA MISTRAL 9173,09:00:00,21:00:00,+560288645139,-33.5277232,-70.70038339999996,martes,2024-09-17-1175-7-104-123,2024-09-17 17:43:24.712036
2024-09-17,1189,7,105,124,LOS EDILES,LO PRADO,LO PRADO,Avenida Dorsal 5509,08:00:00,07:59:00,+5628737491,-33.4498676,-70.710776,martes,2024-09-17-1189-7-105-124,2024-09-17 17:43:24.712036
2024-07-01,1196,7,106,125,URGENCIA - AHUMADA,MACUL,MACUL,MACUL 2555,00:00:00,23:59:00,+560222371550,-33.477933,-70.599040,lunes,2024-07-01-1196-7-106-125,2024-09-17 17:43:24.712036
2024-09-17,1204,7,107,126,SALCOBRAND,MAIPU,MAIPU NORTE,5 DE ABRIL 27,08:00:00,07:59:00,+560225340805,-33.510502,-70.757643,martes,2024-09-17-1204-7-107-126,2024-09-17 17:43:24.712036
2024-07-01,1217,7,107,492,URGENCIA - AHUMADA,MAIPU,MAIPU URGENCIA,AV. LOS PAJARITOS 2340,00:00:00,23:59:00,+5626313081,-33.5060179,-70.7579657,lunes,2024-07-01-1217-7-107-492,2024-09-17 17:43:24.712036
2024-09-17,1368,7,112,131,PLAZA PAINE,PAINE,PAINE,LA CONCEPCION 264,09:00:00,21:00:00,+5628242638,-33.809498,-70.738717,martes,2024-09-17-1368-7-112-131,2024-09-17 17:43:24.712036
2024-09-17,1372,7,113,132,DAVILA,PEDRO AGUIRRE CERDA,PEDRO AGUIRRE CERDA,QUEMCHI 5956,08:00:00,07:59:00,+560225211978,-33.503059,-70.676747,martes,2024-09-17-1372-7-113-132,2024-09-17 17:43:24.712036
2024-09-17,1418,7,115,134,EL VALLE,PEÑALOLEN,PEÑALOLEN,EL VALLE 6060,08:00:00,07:59:00,+560224545884,-33.476053,-70.573552,martes,2024-09-17-1418-7-115-134,2024-09-17 17:43:24.712036
2024-07-01,1436,7,117,136,URGENCIA - SALCOBRAND,PROVIDENCIA,PROVIDENCIA,MANUEL MONTT 1140,00:00:00,23:59:00,+5622098919,-33.438335,-70.615679,lunes,2024-07-01-1436-7-117-136,2024-09-17 17:43:24.712036
2024-07-01,1443,7,117,136,URGENCIA - AHUMADA,PROVIDENCIA,PROVIDENCIA,LOS LEONES 1160,00:00:00,23:59:00,+5623440447,-33.429951,-70.602705,lunes,2024-07-01-1443-7-117-136,2024-09-17 17:43:24.712036
2024-09-17,1533,7,118,137,LAS PRINCESAS,PUDAHUEL,PUDAHUEL,SAN PABLO 9142 E,08:00:00,07:59:00,+560298184570,-33.44197,-70.763715,martes,2024-09-17-1533-7-118-137,2024-09-17 17:43:24.712036
2024-09-17,1577,7,119,531,DEL DR. SIMI ,PUENTE ALTO,PUENTE ALTO CENTRO,AV. CONCHA Y TORO 15,08:00:00,07:59:00,+5623610293,-33.612363,-70.575343,martes,2024-09-17-1577-7-119-531,2024-09-17 17:43:24.712036
2024-09-17,1591,7,119,530,LOS PALTOS,PUENTE ALTO,PUENTE ALTO OESTE,RODAS 3267,08:00:00,07:59:00,+5625366586,-33.582317,-70.60102080000001,martes,2024-09-17-1591-7-119-530,2024-09-17 17:43:24.712036
2024-09-17,1611,7,120,139,BELEN,QUILICURA,QUILICURA,JOSE FRANCISCO VERGARA 199,08:00:00,07:59:00,+560226031339,-33.367224,-70.734052,martes,2024-09-17-1611-7-120-139,2024-09-17 17:43:24.712036
2024-09-17,1635,7,121,140,BARROSO,QUINTA NORMAL,QUINTA NORMAL,SALVADOR GUTIERREZ   6097,08:00:00,07:59:00,+560227866546,-33.421695,-70.717868,martes,2024-09-17-1635-7-121-140,2024-09-17 17:43:24.712036
2024-09-17,1700,7,124,533,COMUNITARIA,SAN BERNARDO,SAN BERNARDO ALREDEDORES,O'HIGGINS 35,08:00:00,07:59:00,+5628597966,-33.593117,-70.696953,martes,2024-09-17-1700-7-124-533,2024-09-17 17:43:24.712036
2024-09-17,1732,7,125,144,CONTIGO,SAN JOAQUIN,SAN JOAQUIN,SEBASTOPOL 406,08:00:00,07:59:00,+560225253979,-33.516587,-70.632648,martes,2024-09-17-1732-7-125-144,2024-09-17 17:43:24.712036
2024-07-01,1757,7,127,146,URGENCIA - CRUZ VERDE,SAN MIGUEL,SAN MIGUEL,GRAN AVENIDA JOSE MIGUEL CARRERA 6001  1 Y 2,00:00:00,23:59:00,+5602,-33.509787,-70.656783,lunes,2024-07-01-1757-7-127-146,2024-09-17 17:43:24.712036
2024-09-17,1771,7,129,148,DEL DR. SIMI ,SAN RAMON,SAN RAMON,AVENIDA SANTA ROSA 8091,09:00:00,21:00:00,+560225114322,-33.533973,-70.634794,martes,2024-09-17-1771-7-129-148,2024-09-17 17:43:24.712036
2024-07-01,1810,7,130,504,URGENCIA - AHUMADA,SANTIAGO,SANTIAGO URGENCIA,PORTUGAL 480,00:00:00,23:59:00,+5626313704,-33.448018,-70.635315,lunes,2024-07-01-1810-7-130-504,2024-09-17 17:43:24.712036
2024-07-01,1979,7,135,508,URGENCIA - AHUMADA,VITACURA,VITACURA URGENCIA,VITACURA 6345,00:00:00,23:59:00,+5622180474,-33.389958,-70.570359,lunes,2024-07-01-1979-7-135-508,2024-09-17 17:43:24.712036
2024-07-01,1990,7,135,508,URGENCIA - CRUZ VERDE,VITACURA,VITACURA URGENCIA,VITACURA   6602,00:00:00,23:59:00,+5622187817,-33.388865,-70.568275,lunes,2024-07-01-1990-7-135-508,2024-09-17 17:43:24.712036
2024-09-17,2274,10,200,219,DR. SIMI,ARAUCO,ARAUCO,ESMERALDA 390-B,09:00:00,08:59:00,+56412552866,-37.2466873964,-73.3162825246,martes,2024-09-17-2274-10-200-219,2024-09-17 17:43:24.712036
2024-09-17,2276,16,201,220,SANITEX,BULNES,BULNES,CARLOS PALACIOS N°339,08:00:00,22:00:00,+56422631055,-36.7436624016,-72.2972341468,martes,2024-09-17-2276-16-201-220,2024-09-17 17:43:24.712036
2024-09-17,2278,10,203,222,CRUZ VERDE,CAÑETE,CAÑETE LOCALIDAD 1,COVADONGA Nº 267,09:00:00,08:59:00,+56412853670,-37.8016826795,-73.3995544978,martes,2024-09-17-2278-10-203-222,2024-09-17 17:43:24.712036
2024-07-01,2302,16,205,224,CRUZ VERDE,CHILLAN,CHILLAN - LOCALIDAD 1,CALLE CINCO DE ABRIL 701,00:00:00,23:59:00,2228423,-36.609273,-72.101566,lunes,2024-07-01-2302-16-205-224,2024-09-17 17:43:24.712036
2024-09-17,2306,16,205,224,EL LEON,CHILLAN,CHILLAN - LOCALIDAD 1,CINCO DE ABRIL N°795,09:00:00,23:59:00,+56422423544,-36.6103805555556,-72.1021416666667,martes,2024-09-17-2306-16-205-224,2024-09-17 17:43:24.712036
2024-07-01,2332,10,210,229,AHUMADA,CONCEPCION,COLLAO,AV. JUAN BOSCO Nº 501,00:00:00,23:59:00,+56412325696,-36.8158535,-73.0320309,lunes,2024-07-01-2332-10-210-229,2024-09-17 17:43:24.712036
2024-09-17,2388,10,212,231,CRUZ VERDE,CORONEL,CORONEL CENTRO,MANUEL MONTT 399,09:00:00,08:59:00,+56412714020,-37.0266927316,-73.1474605621,martes,2024-09-17-2388-10-212-231,2024-09-17 17:43:24.712036
2024-09-17,2395,10,213,232,FARMACIA DR. SIMI,CURANILAHUE,CURANILAHUE LOCALIDAD 1,OHIGGINS Nº 101,08:00:00,22:00:00,+56412692915,-37.4727826716,-73.3474876865,martes,2024-09-17-2395-10-213-232,2024-09-17 17:43:24.712036
2024-09-17,2422,10,227,246,PENCO,PENCO,PENCO,MAIPÚ 301,09:00:00,08:59:00,+56412451235,-36.7391001409,-72.9926389162,martes,2024-09-17-2422-10-227-246,2024-09-17 17:43:24.712036
2024-09-17,2426,16,232,251,QUILLÓN,QUILLON,QUILLON,AVDA. CAYUMANQUI N°407,08:00:00,22:00:00,+56422581052,-36.7428280388855,-72.4740164764267,martes,2024-09-17-2426-16-232-251,2024-09-17 17:43:24.712036
2024-07-01,2438,10,240,259,AHUMADA,SAN PEDRO DE LA PAZ,SAN PEDRO DE LA PAZ NORTE,MICHIMALONCO 1120,00:00:00,23:59:00,+56412281149,-36.8428314019,-73.0943889475,lunes,2024-07-01-2438-10-240-259,2024-09-17 17:43:24.712036
2024-07-01,2456,10,244,263,CRUZ VERDE,TALCAHUANO,TALCAHUANO-HUALPEN CENTRO,AV. COLÓN 300,00:00:00,23:59:00,+562547836,-36.713148579,-73.1136964531,lunes,2024-07-01-2456-10-244-263,2024-09-17 17:43:24.712036
2024-09-17,2483,16,250,269,DR. SIMI,YUNGAY,YUNGAY,ESMERALDA Nº 266-A,08:00:00,22:00:00,+56422680705,-37.1201508755,-72.0173399406,martes,2024-09-17-2483-16-250-269,2024-09-17 17:43:24.712036
2024-07-01,2484,10,220,239,CRUZ VERDE,LOS ANGELES,LOS ANGELES - LOCALIDAD 1,COLÓN 411,00:00:00,23:59:00,+56993796276,-37.469141,-72.350826,lunes,2024-07-01-2484-10-220-239,2024-09-17 17:43:24.712036
2024-09-17,2504,10,202,221,DR. SIMI,CABRERO,CABRERO,CALLE RIO CLARO 250,08:00:00,22:00:00,2411643,-37.0344500034574,-72.4025049346945,martes,2024-09-17-2504-10-202-221,2024-09-17 17:43:24.712036
2024-09-17,2506,10,249,268,YUMBEL,YUMBEL,YUMBEL - LOCALIDAD 1,O'HIGGINS 790,08:00:00,22:00:00,+562431428,-37.0987098712804,-72.5615083393547,martes,2024-09-17-2506-10-249-268,2024-09-17 17:43:24.712036
2024-09-17,2509,10,217,236,CRUZ VERDE,LAJA,LAJA,BALMACEDA 215,08:00:00,22:00:00,+56979059481,-37.2808995741786,-72.7145072012491,martes,2024-09-17-2509-10-217-236,2024-09-17 17:43:24.712036
2024-09-17,2510,10,223,242,DR. SIMI,NACIMIENTO,NACIMIENTO,SAN MARTIN 549-B,08:00:00,22:00:00,+56432511498,-37.500921,-72.673111,martes,2024-09-17-2510-10-223-242,2024-09-17 17:43:24.712036
2024-09-17,2513,10,242,261,MANANTIAL,SANTA BARBARA,SANTA BARBARA - LOCALIDAD 1,ARTURO PRAT 682,08:00:00,22:00:00,,-37.67017600394895,-72.02028634537207,martes,2024-09-17-2513-10-242-261,2024-09-17 17:43:24.712036
2024-09-17,2518,10,222,241,DR. SIMI,MULCHEN,MULCHEN - LOCALIDAD 1,CALLE VILLAGRAN 724,08:00:00,22:00:00,,-37.722123769445,-72.2414877265854,martes,2024-09-17-2518-10-222-241,2024-09-17 17:43:24.712036
2024-09-17,2545,6,78,404,CRUZ VERDE,VALPARAISO,PARQUE LOS INGLESES,AV. JORGE KENRICK Nº35 LOCAL 3 Y 4,09:00:00,21:00:00,+563521337,-33.0589849642605,-71.5870608579352,martes,2024-09-17-2545-6-78-404,2024-09-17 17:43:24.712036
2024-09-17,3099,13,311,384,FARMACIAS CRUZ VERDE ,PUERTO MONTT,SECTOR CENTRO,ANTONIO VARAS 952,08:00:00,23:59:00,+562312012,-41.4745746,-72.94826019999999,martes,2024-09-17-3099-13-311-384,2024-09-17 17:43:24.712036
2024-07-01,3114,13,311,382,FARMACIAS CRUZ VERDE ,PUERTO MONTT,SECTOR CUARTA TERRAZA,AVDA. PRESIDENTE IBAÑEZ 173 LOCAL 1,00:00:00,23:59:00,+56993796664,-41.4617201,-72.94411550000001,lunes,2024-07-01-3114-13-311-382,2024-09-17 17:43:24.712036
2024-07-01,3126,4,24,80,FARMACIA CRUZ VERDE,COPIAPO,COPIAPO,CALLE BERNARDO O'HIGGINS 500,00:00:00,23:59:00,522241213,-27.3659552768545,-70.33417253640327,lunes,2024-07-01-3126-4-24-80,2024-09-17 17:43:24.712036
2024-09-17,3133,4,24,80,FARMACIA  SALCOBRAND,COPIAPO,COPIAPO,CHACABUCO  N° 393,09:00:00,22:00:00,+56522238916,-27.36655,-70.33328599999999,martes,2024-09-17-3133-4-24-80,2024-09-17 17:43:24.712036
2024-09-17,3137,4,29,85,FARMACIA  SALCOBRAND,VALLENAR,VALLENAR,ARTURO PRAT  N° 1120,09:00:00,08:59:00,+562619226,-28.5770093,-70.75842460000001,martes,2024-09-17-3137-4-29-85,2024-09-17 17:43:24.712036
2024-09-17,3149,4,28,84,FARMACIA FARMATERRA,TIERRA AMARILLA,TIERRA AMARILLA,MIGUEL LEMEUR   N° 418,09:00:00,22:00:00,+562329554,-27.467171,-70.26522,martes,2024-09-17-3149-4-28-84,2024-09-17 17:43:24.712036
2024-09-17,3153,4,22,78,FARMACIA CRUZ,CALDERA,CALDERA,CALLE GANA 298,09:00:00,08:59:00,2315133,-27.066871,-70.8227523,martes,2024-09-17-3153-4-22-78,2024-09-17 17:43:24.712036
2024-09-17,3159,4,23,79,FARMACIA PAEZ,CHAÑARAL,CHAÑARAL,RAUL BARRIONUEVO  N° 156,09:00:00,08:59:00,+56522481455,-26.33559270469468,-70.61389949814759,martes,2024-09-17-3159-4-23-79,2024-09-17 17:43:24.712036
2024-09-17,3163,12,287,306,TORRES,LOS LAGOS,LOS LAGOS,BALMACEDA SUR Nº 047,09:00:00,08:59:00,+56632461370,-39.86344,-72.813917,martes,2024-09-17-3163-12-287-306,2024-09-17 17:43:24.712036
2024-09-17,3168,12,283,302,ALBORADA,FUTRONO,FUTRONO,BALMACEDA Nº 500,09:00:00,08:59:00,+56639481390,-40.1316666,-72.3865277777,martes,2024-09-17-3168-12-283-302,2024-09-17 17:43:24.712036
2024-09-17,3169,12,286,305,LANCO,LANCO,LANCO,LIBERTAD Nº 223,09:00:00,08:59:00,+56632441313,-39.45211111111111,-72.77491666667,martes,2024-09-17-3169-12-286-305,2024-09-17 17:43:24.712036
2024-09-17,3171,12,292,311,CENTRO,PAILLACO,PAILLACO,O´HIGGINS Nº 36,09:00:00,08:59:00,+562421339,-40.071527,-72.8764726,martes,2024-09-17-3171-12-292-311,2024-09-17 17:43:24.712036
2024-09-17,3176,12,293,312,DR. SIMI,RIO BUENO,RIO BUENO,PEDRO LAGOS N° 622,09:00:00,08:59:00,+562341818,-40.334403,-72.954823,martes,2024-09-17-3176-12-293-312,2024-09-17 17:43:24.712036
2024-09-17,3180,4,25,389,FARMACIA SAN MIGUEL,DIEGO DE ALMAGRO,EL SALVADOR,AV. 4 DE JULIO N° 706,09:30:00,21:30:00,+56522475425,-26.245923,-69.626426,martes,2024-09-17-3180-4-25-389,2024-09-17 17:43:24.712036
2024-09-17,3181,12,291,310,SALCOBRAND,PANGUIPULLI,PANGUIPULLI,MARTINEZ DE ROSAS Nº 720,09:00:00,08:59:00,+5663,-39.6425833333333,-72.331805555556,martes,2024-09-17-3181-12-291-310,2024-09-17 17:43:24.712036
2024-07-01,3191,11,275,294,FARMACIA CRUZ VERDE L-367,TEMUCO,TEMUCO,AVENIDA ALEMANIA 0780,00:00:00,23:59:00,+562244915,-38.736366215393986,-72.61581743068848,lunes,2024-07-01-3191-11-275-294,2024-09-17 17:43:24.712036
2024-09-17,3213,12,290,309,SALCOBRAND,VALDIVIA,VALDIVIA,CAMILO HENRIQUEZ Nº 450,09:00:00,00:00:00,+56632219399,-39.8137413,-73.24541479999999,martes,2024-09-17-3213-12-290-309,2024-09-17 17:43:24.712036
2024-09-17,3226,11,275,294,FARMACIA NOVASALUD,TEMUCO,TEMUCO,GENERAL LAGOS 468 LOCAL 6,09:00:00,23:59:00,+56452464610,-38.73767975024107,-72.59309176465143,martes,2024-09-17-3226-11-275-294,2024-09-17 17:43:24.712036
2024-09-17,3242,13,318,337,FARMACIA CHILHUE,QUELLON,QUELLON,JUAN LADRILLEROS #202,09:00:00,08:59:00,+56(65) 2681712,-43.1164894,-73.6302719,martes,2024-09-17-3242-13-318-337,2024-09-17 17:43:24.712036
2024-09-17,3244,13,301,320,FARMACIA USYDAL,DALCAHUE,DALCAHUE,RAMÓN FREIRE 506,08:00:00,23:59:00,+56652641727,-42.3788566,-73.6499556,martes,2024-09-17-3244-13-301-320,2024-09-17 17:43:24.712036
2024-09-17,3249,13,294,313,FARMACIA SALCOBRAND,ANCUD,ANCUD,PUDETO Nº301,09:00:00,08:59:00,+562624287,-41.8689461,-73.8261185,martes,2024-09-17-3249-13-294-313,2024-09-17 17:43:24.712036
2024-09-17,3269,14,325,344,FARMAUSTRAL,CHILE CHICO,CHILE CHICO,BERNARDO O,09:00:00,20:00:00,+562411461,-46.540901,-71.72228000000001,martes,2024-09-17-3269-14-325-344,2024-09-17 17:43:24.712036
2024-09-17,3281,7,90,109,NETFARMA,EL BOSQUE,EL BOSQUE,JULIO COVARRUBIAS 9985,08:00:00,07:59:00,+560225489791,-33.55293,-70.66059,martes,2024-09-17-3281-7-90-109,2024-09-17 17:43:24.712036
2024-09-17,3294,3,15,71,FARMACIA FIGUESAN,MEJILLONES,MEJILLONES,ALMIRANTE LATORRE N° 637,09:00:00,23:00:00,+56552622038,-23.10000589138066,-70.44820569455624,martes,2024-09-17-3294-3-15-71,2024-09-17 17:43:24.712036
2024-09-17,3298,3,17,73,FARMACIA CRUZ VERDE,SAN PEDRO DE ATACAMA,SAN PEDRO DE ATACAMA,CARACOLES Nº359,09:00:00,21:00:00,+56552851285,-22.911669993889262,-68.199882209301,martes,2024-09-17-3298-3-17-73,2024-09-17 17:43:24.712036
2024-09-17,3316,5,43,99,JARUFE,SALAMANCA,SALAMANCA,"MATILDE SALAMANCA 199-C,",09:00:00,23:00:00,+56532552199,-31.778081356010127,-70.96422131244049,martes,2024-09-17-3316-5-43-99,2024-09-17 17:43:24.712036
2024-09-17,3317,13,313,332,FARMACIA TANG ,PUERTO VARAS,SECTOR CENTRO,SAN JOSE  Nº 317 PUERTO VARAS,09:00:00,08:59:00,+56652234577,-41.3173415,-72.984554,martes,2024-09-17-3317-13-313-332,2024-09-17 17:43:24.712036
2024-09-17,3322,13,307,326,FARMACIA GALENO,LOS MUERMOS,LOS MUERMOS,ANTONIO VARAS 402 LOS MUERMOS,08:00:00,23:59:00,+56652211473,-41.39538690384782,-73.4652328491211,martes,2024-09-17-3322-13-307-326,2024-09-17 17:43:24.712036
2024-09-17,3338,13,295,314,FARMACIA VERONICA ,CALBUCO,CALBUCO,ANTONIO VARAS 82 CALBUCO,09:00:00,08:59:00,+566565 2461682,-41.7695891,-73.12764649999997,martes,2024-09-17-3338-13-295-314,2024-09-17 17:43:24.712036
2024-09-17,3344,13,309,328,FARMACIA SALCOBRAND,OSORNO,SECTOR CENTRO,ZENTENO 1530,09:00:00,08:59:00,+56642253120,-40.583654,-73.1222075,martes,2024-09-17-3344-13-309-328,2024-09-17 17:43:24.712036
2024-09-17,3356,2,11,67,FARMACIA JERUSALEN,POZO ALMONTE,POZO ALMONTE,"COMERCIO 307, POZO ALMONTE, TARAPACA, CHILE",09:00:00,22:00:00,+562751030,-20.259118909311535,-69.78562562698357,martes,2024-09-17-3356-2-11-67,2024-09-17 17:43:24.712036
2024-09-17,3357,13,308,327,FARMACIA LAHUEN ,MAULLIN,MAULLIN,GASPAR DEL RÍO 95,09:00:00,21:00:00,+562451467,-41.6157773,-73.59577610000001,martes,2024-09-17-3357-13-308-327,2024-09-17 17:43:24.712036
2024-09-17,3358,13,305,324,FARMACIA AUSTRAL,HUALAIHUE,HUALAIHUE,O'HIGGINS ESQ. PEDRO MALDONADO S/Nº HORNOPIREN COMUNA DE HUALAIHUE,09:00:00,20:00:00,+562217411,-41.965623,-72.47050000000002,martes,2024-09-17-3358-13-305-324,2024-09-17 17:43:24.712036
2024-07-01,3371,14,328,347,FARMACIAS CRUZ VERDE,COYHAIQUE,COYHAIQUE,ARTURO PRAT N° 378. COYHAIQUE,00:00:00,23:59:00,+562258386,-45.5729543,-72.07117549999998,lunes,2024-07-01-3371-14-328-347,2024-09-17 17:43:24.712036
2024-09-17,3379,2,10,66,JERUSALEM,PICA,PICA,BALMACEDA 272,09:00:00,21:00:00,+56954109335,-20.4906225,-69.32795763,martes,2024-09-17-3379-2-10-66,2024-09-17 17:43:24.712036
2024-09-17,3383,13,303,322, FARMACIA FRUTILLAR,FRUTILLAR,FRUTILLAR,CARLOS RICHTER 162 FRUTILLAR,08:00:00,23:59:00,+56652421267,-41.126514081028006,-73.05891841650009,martes,2024-09-17-3383-13-303-322,2024-09-17 17:43:24.712036
2024-09-17,3397,13,309,387,FARMACIA SAN IGNACIO,OSORNO,SECTOR LYNCH,PATRICIO LYNCH 1742,09:00:00,21:00:00,+5664,-40.574595275819824,-73.12002182006836,martes,2024-09-17-3397-13-309-387,2024-09-17 17:43:24.712036
2024-09-17,3401,2,9,65,FARMACIA SALCOBRAND,IQUIQUE,IQUIQUE,AVENIDA ARTURO PRAT 1732,08:00:00,23:59:00,+56572518649,-20.241356328,-70.143880248,martes,2024-09-17-3401-2-9-65,2024-09-17 17:43:24.712036
2024-09-17,3434,13,315,334,FARMACIA CRUZ VERDE ,PURRANQUE,PURRANQUE,PEDRO MONTT 296,08:00:00,22:00:00,+56993343656,-40.912669,-73.159155,martes,2024-09-17-3434-13-315-334,2024-09-17 17:43:24.712036
2024-09-17,3435,15,338,357,FARMACIA PUERTO NATALES,PUERTO NATALES,PUERTO NATALES,ESMERALDA 701,08:00:00,23:59:00,+562411306,-51.72815489584758,-72.50075289325407,martes,2024-09-17-3435-15-338-357,2024-09-17 17:43:24.712036
2024-09-17,3452,3,13,69,SALCOBRAND,CALAMA,CALAMA,ELEUTERIO RAMIREZ Nº 2031,08:00:00,07:59:00,+56552361224,-22.4619078,-68.9259892,martes,2024-09-17-3452-3-13-69,2024-09-17 17:43:24.712036
2024-09-17,3456,13,320,339,FARMACIA QUINCHAO,QUINCHAO,QUINCHAO,"SERRANO Nº 019, ACHAO",08:00:00,23:59:00,+562661466,-42.471176,-73.491798,martes,2024-09-17-3456-13-320-339,2024-09-17 17:43:24.712036
2024-09-17,3488,3,12,391,FARMACIA GALENO,ANTOFAGASTA,ANTOFAGASTA SUR,LAS CRUCES Nº 790,09:00:00,21:00:00,+56552933066,-23.675256051712037,-70.4079761380288,martes,2024-09-17-3488-3-12-391,2024-09-17 17:43:24.712036
2024-09-17,3497,3,12,392,DEL NORTE,ANTOFAGASTA,ANTOFAGASTA NORTE,AV. PEDRO AGUIRRE CERDA Nº 5750,09:00:00,21:00:00,+562476902,-23.617354030767885,-70.38905721216429,martes,2024-09-17-3497-3-12-392,2024-09-17 17:43:24.712036
2024-09-17,3516,11,268,287,FARMACIA FARMA LAWEN,PADRE LAS CASAS,PADRE LAS CASAS,HUICHAHUE Nº260,09:00:00,21:00:00,+56964407199,-38.760716,-72.591414,martes,2024-09-17-3516-11-268-287,2024-09-17 17:43:24.712036
2024-09-17,3520,11,251,270,FARMACIA SALCOBRAND,ANGOL,ANGOL,PEDRO AGUIRRE Nº 421 L-1 Y 2,09:00:00,08:59:00,+562778127,-37.79832445795036,-72.71066467301637,martes,2024-09-17-3520-11-251-270,2024-09-17 17:43:24.712036
2024-09-17,3527,11,271,290,FARMACIA AHUMADA  L 340,PUCON,PUCON,OHIGGINS Nº 412,09:00:00,08:59:00,+5626313116,-39.27597697899502,-71.9744338857056,martes,2024-09-17-3527-11-271-290,2024-09-17 17:43:24.712036
2024-09-17,3542,11,278,297,FARMACIA SALCOBRAND,TRAIGUEN,TRAIGUEN,SANTA CRUZ Nº 813,09:00:00,08:59:00,+56452869095,-38.24953238121404,-72.66860685901645,martes,2024-09-17-3542-11-278-297,2024-09-17 17:43:24.712036
2024-09-17,3544,11,255,274,FARMACIA CRISTAL,CURACAUTIN,CURACAUTIN,OHIGGINS Nº 405,09:00:00,08:59:00,+56452881279,-38.437386599388965,-71.89296468059547,martes,2024-09-17-3544-11-255-274,2024-09-17 17:43:24.712036
2024-09-17,3549,11,252,271,FARMACHILE ,CARAHUE,CARAHUE,LAUTARO Nº 298,09:00:00,08:59:00,+562652091,-38.712308210701124,-73.16674910779568,martes,2024-09-17-3549-11-252-271,2024-09-17 17:43:24.712036
2024-09-17,3554,11,273,292,FARMACIA RUKALAHUEN,PUREN,PUREN,SAAVEDRA Nº 393,08:00:00,23:59:00,,-38.033969005254676,-73.07264723677064,martes,2024-09-17-3554-11-273-292,2024-09-17 17:43:24.712036
2024-09-17,3561,11,281,300,F. AHUMADA L-231,VILLARRICA,VILLARRICA,CAMILO HENRIQUEZ Nº555,09:00:00,08:59:00,+562416259,-39.28244140277732,-72.22785210280381,martes,2024-09-17-3561-11-281-300,2024-09-17 17:43:24.712036
2024-09-17,3571,11,253,272,DR. SIMI,COLLIPULLI,COLLIPULLI,OCARROL Nº 964,09:00:00,08:59:00,+56452519138,-37.95695865633374,-72.43627246664641,martes,2024-09-17-3571-11-253-272,2024-09-17 17:43:24.712036
2024-07-01,3580,5,36,402,CRUZ VERDE,LA SERENA,LA SERENA,CORDOVEZ 510,00:00:00,23:59:00,,-29.903136264072085,-71.24983934365603,lunes,2024-07-01-3580-5-36-402,2024-09-17 17:43:24.712036
2024-09-17,3620,5,37,93,EL INDIECITO,LOS VILOS,LOS VILOS,CAUPOLICÁN 484,09:00:00,23:00:00,+56532542595,-31.91039926039233,-71.51027991534426,martes,2024-09-17-3620-5-37-93,2024-09-17 17:43:24.712036
2024-09-17,3629,5,33,89,CRUZ VERDE,COQUIMBO,COQUIMBO,ALDUNATE 1310-1312,09:00:00,08:59:00,+56,-29.9557066,-71.33897430000002,martes,2024-09-17-3629-5-33-89,2024-09-17 17:43:24.712036
2024-09-17,3630,5,34,90,SANTO REMEDIO,ILLAPEL,ILLAPEL,INDEPENDENCIA 41,09:00:00,23:00:00,+56532523542,-31.6323167,-71.16891479999998,martes,2024-09-17-3630-5-34-90,2024-09-17 17:43:24.712036
2024-09-17,3632,5,39,95,CRUZ VERDE,OVALLE,OVALLE,VICUÑA MACKENNA 184,09:00:00,08:59:00,+56,-30.6052776,-71.20723759999998,martes,2024-09-17-3632-5-39-95,2024-09-17 17:43:24.712036
2024-09-17,3645,5,44,100,CRUZ VERDE,VICUÑA,VICUÑA,CHACABUCO 302,09:00:00,23:00:00,+56,-30.03461219217131,-70.7133142143249,martes,2024-09-17-3645-5-44-100,2024-09-17 17:43:24.712036
2024-09-17,3671,8,162,181,FARMACIA CRUZ VERDE,RANCAGUA,RANCAGUA,"ALAMEDA N° 604, LOCAL 1",09:00:00,23:59:00,+56722226319,-34.165465665360585,-70.74261153176883,martes,2024-09-17-3671-8-162-181,2024-09-17 17:43:24.712036
2024-07-01,3676,8,162,430,FARMACIA SALCOBRAND,RANCAGUA,RANCAGUA URGENCIA,INDEPENDENCIA N° 798,00:00:00,23:59:00,+56722227528,-34.1694815,-70.74616500000002,lunes,2024-07-01-3676-8-162-430,2024-09-17 17:43:24.712036
2024-09-17,3683,3,12,68,FARMACIA CRUZ VERDE,ANTOFAGASTA,ANTOFAGASTA CENTRO,MANUEL ANTONIO MATTA Nº1919,08:00:00,07:59:00,+562551580,-23.6543555,-70.40179280000001,martes,2024-09-17-3683-3-12-68,2024-09-17 17:43:24.712036
2024-09-17,3693,8,142,161,GRANEROS,GRANEROS,GRANEROS,AVENIDA LA COMPAÑÍA N° 329,08:00:00,23:59:00,+56722471115,-34.067408,-70.728391,martes,2024-09-17-3693-8-142-161,2024-09-17 17:43:24.712036
2024-09-17,3701,8,157,176,CUARTOCENTENARIO,PICHIDEGUA,PICHIDEGUA,INDEPENDENCIA N° 562,08:00:00,23:59:00,+56722591329,-34.35903622934217,-71.28249770052491,martes,2024-09-17-3701-8-157-176,2024-09-17 17:43:24.712036
2024-09-17,3702,8,141,421,LO MIRANDA,DOÑIHUE,LO MIRANDA,CALLE LAS CARMELITAS 44,09:00:00,20:00:00,2678141,-34.19839986541759,-70.88969001468047,martes,2024-09-17-3702-8-141-421,2024-09-17 17:43:24.712036
2024-09-17,3706,8,141,160,LOURDES,DOÑIHUE,DOÑIHUE,DELFÍN CARVALLO N° 440-A,10:00:00,20:00:00,+56722462617,-34.226307107776115,-70.96454438465577,martes,2024-09-17-3706-8-141-160,2024-09-17 17:43:24.712036
2024-09-17,3707,8,145,164,SAN ENRIQUE,LITUECHE,LITUECHE,HERMANOS CARRERA N° 544,09:00:00,21:00:00,+56722851385,-34.1142851,-71.7260195,martes,2024-09-17-3707-8-145-164,2024-09-17 17:43:24.712036
2024-09-17,3708,8,149,168,FLORES,MARCHIGUE,MARCHIGUE,ARTURO PRAT N° 487,09:00:00,19:00:00,+56722831234,-34.39533080152805,-71.62157200000001,martes,2024-09-17-3708-8-149-168,2024-09-17 17:43:24.712036
2024-09-17,3711,8,151,170,EKONOFARMACIA II,NAVIDAD,NAVIDAD,JUAN MONTES ESQUINA PROGRESO S/N,09:00:00,21:00:00,+567289077447,-33.959395,-71.829519,martes,2024-09-17-3711-8-151-170,2024-09-17 17:43:24.712036
2024-09-17,3713,8,161,180,MATUS,QUINTA DE TILCOCO,QUINTA DE TILCOCO,ARGOMEDO N° 1895,08:00:00,23:59:00,+562541596,-34.35539136329157,-70.96364215537386,martes,2024-09-17-3713-8-161-180,2024-09-17 17:43:24.712036
2024-09-17,3729,8,164,183,CORDILLERA,REQUINOA,REQUINOA,RAFAEL TAGLE N° 88,08:00:00,23:59:00,+56722552538,-34.2941869,-70.81896919999997,martes,2024-09-17-3729-8-164-183,2024-09-17 17:43:24.712036
2024-09-17,3732,8,156,175,POSTO VERDE,PEUMO,PEUMO,SARMIENTO N° 378,09:00:00,21:00:00,+56722561521,-34.39270923444678,-71.16894174337767,martes,2024-09-17-3732-8-156-175,2024-09-17 17:43:24.712036
2024-09-17,3773,8,167,186,FARMACIA SALCOBRAND,SAN VICENTE,SAN VICENTE,GERMAN RIESCO N° 902,09:00:00,08:59:00,+56722572374,-34.43956952744513,-71.07749734053789,martes,2024-09-17-3773-8-167-186,2024-09-17 17:43:24.712036
2024-09-17,3777,8,168,187,FARMACIA CRUZ VERDE,SANTA CRUZ,SANTA CRUZ,PLAZA DE ARMAS 98,09:00:00,08:59:00,+56722824420,-34.64054635232659,-71.36640495172588,martes,2024-09-17-3777-8-168-187,2024-09-17 17:43:24.712036
2024-09-17,3781,8,137,156,FARMACIA CRUZ VERDE,CHIMBARONGO,CHIMBARONGO,MIRAFLORES N° 399,09:00:00,08:59:00,+56722781395,-34.708745722167066,-71.044027980951,martes,2024-09-17-3781-8-137-156,2024-09-17 17:43:24.712036
2024-09-17,3812,9,187,206,FARMACIA RETIRO,RETIRO,RETIRO,ERRAZURIZ 151,09:00:00,23:59:00,+56,-36.0580177,-71.7664948,martes,2024-09-17-3812-9-187-206,2024-09-17 17:43:24.712036
2024-09-17,3817,9,176,195,FARMACIA PRAT,HUALAÑE,HUALAÑE,ARTURO PRAT N° 212,09:00:00,23:59:00,+56752481670,-34.976380,-71.802794,martes,2024-09-17-3817-9-176-195,2024-09-17 17:43:24.712036
2024-09-17,3819,9,195,214,FARMACIA SAN FRANCISCO,TENO,TENO,COMALLE N°147-B,09:00:00,23:59:00,+560,-34.8699799,-71.1616898,martes,2024-09-17-3819-9-195-214,2024-09-17 17:43:24.712036
2024-09-17,3841,9,182,201,FARMACIA ARAGÓN,PARRAL,PARRAL,ANIBAL PINTO N° 602,09:00:00,01:00:00,+560,-36.140495,-71.824279,martes,2024-09-17-3841-9-182-201,2024-09-17 17:43:24.712036
2024-09-17,3859,9,169,188,FARMACIA CRUZ VERDE,CAUQUENES,CAUQUENES,VICTORIA N°545  LOCAL 100,09:00:00,01:00:00,+560,-35.967620,-72.318295,martes,2024-09-17-3859-9-169-188,2024-09-17 17:43:24.712036
2024-09-17,3874,8,166,185,FARMACIA NUEVA PROGRESO,SAN FRANCISCO DE MOSTAZAL,SAN FRANCISCO DE MOSTAZAL,INDEPENDENCIA N° 481,09:00:00,08:59:00,+5672722491117,-33.98085148679584,-70.71256891726279,martes,2024-09-17-3874-8-166-185,2024-09-17 17:43:24.712036
2024-07-01,3909,9,174,193,FARMACIA CRUZ VERDE,CURICO,CURICO CENTRO,PRAT N° 499,00:00:00,23:59:00,,-34.98386251,-71.24167307,lunes,2024-07-01-3909-9-174-193,2024-09-17 17:43:24.712036
2024-07-01,3931,9,194,213,FARMACIA CRUZ VERDE,TALCA,TALCA CENTRO,1 SUR Nº 1501,00:00:00,23:59:00,,-35.4278902328126,-71.6555097197239,lunes,2024-07-01-3931-9-194-213,2024-09-17 17:43:24.712036
2024-09-17,3975,14,327,346,FARMACIA CRUZ VERDE,COCHRANE,COCHRANE,AVENIDA TENIENTE MERINO Nº 464,09:00:00,21:00:00,+560228700747,-47.253679,-72.574097,martes,2024-09-17-3975-14-327-346,2024-09-17 17:43:24.712036
2024-09-17,4037,16,209,228,FARMEDICA,COIHUECO,COIHUECO,BALMACEDA 1463-A,08:00:00,22:00:00,+562874238,-36.629103,-71.83270900000002,martes,2024-09-17-4037-16-209-228,2024-09-17 17:43:24.712036
2024-09-17,4061,8,163,182,FARMACIA MED,RENGO,RENGO,ARTURO PRAT  Nº 295. RENGO,09:00:00,08:59:00,+56722753783,-34.405488131763455,-70.85875458811995,martes,2024-09-17-4061-8-163-182,2024-09-17 17:43:24.712036
2024-09-17,4070,14,324,343,FARMACIA CRUZ VERDE,AYSEN,AYSEN,SARGENTO ALDEA 1070 PUERTO AYSEN,09:00:00,08:59:00,+56672330289,-45.40438450000001,-72.6946926,martes,2024-09-17-4070-14-324-343,2024-09-17 17:43:24.712036
2024-09-17,4076,4,24,379,FARMACIA FE Y ALEGRIA,COPIAPO,PAIPOTE,"JUAN O'DONOVAN  N° 6521, PAIPOTE",10:30:00,21:00:00,+562384624,-27.410776362148567,-70.27078477790985,martes,2024-09-17-4076-4-24-379,2024-09-17 17:43:24.712036
2024-09-17,4086,6,60,18,DR. SIMI,LLAY LLAY,LLAY - LLAY,BALMACEDA N°393,09:00:00,23:00:00,+56342612220,-32.8414462874015,-70.9560721264244,martes,2024-09-17-4086-6-60-18,2024-09-17 17:43:24.712036
2024-09-17,4125,8,146,165,FARMACIA JULIAN,LOLOL,LOLOL,LOS ALERCES N° 125,10:00:00,20:00:00,+56722941311,-34.728201471048415,-71.64579423325188,martes,2024-09-17-4125-8-146-165,2024-09-17 17:43:24.712036
2024-09-17,4138,6,80,35,SALCOBRAND,VIÑA DEL MAR,RECREO,DIEGO PORTALES 702 L-1 RECREO,09:00:00,21:00:00,+560224223300,-33.0264495875695,-71.5715417276126,martes,2024-09-17-4138-6-80-35,2024-09-17 17:43:24.712036
2024-09-17,4145,9,171,190,FARMACIA LA PAZ,COLBUN,COLBUN,"AVDA. LIBERTADOR B. O""HIGGINS N° 405-B",09:00:00,22:00:00,+560,-35.696103,-71.406494,martes,2024-09-17-4145-9-171-190,2024-09-17 17:43:24.712036
2024-09-17,4268,7,92,111,DEL DR. SIMI,ESTACION CENTRAL,ESTACION CENTRAL,AV. LIBERTADOR BERNARDO O'HIGGINS 6004,08:00:00,07:59:00,+560,-33.457887,-70.707376,martes,2024-09-17-4268-7-92-111,2024-09-17 17:43:24.712036
2024-09-17,4512,6,344,49,DR. SIMI,CASABLANCA,CASABLANCA,AV. CONSTITUCION 176 CASABLANCA CHILE,09:00:00,23:00:00,+562741422,-33.319355407853,-71.4098706525237,martes,2024-09-17-4512-6-344-49,2024-09-17 17:43:24.712036
2024-07-01,4531,7,130,504,URGENCIA - SALCOBRAND,SANTIAGO,SANTIAGO URGENCIA,AV. PORTUGAL 174-178,00:00:00,23:59:00,+56224223300,-33.444484,-70.636964,lunes,2024-07-01-4531-7-130-504,2024-09-17 17:43:24.712036
2024-09-17,4544,6,79,429,BELLFARMA,VILLA ALEMANA,HUANHUALI,HUANHUALI 1331,09:00:00,18:00:00,+563118844,-33.058657929509,-71.3860337445243,martes,2024-09-17-4544-6-79-429,2024-09-17 17:43:24.712036
2024-09-17,4554,7,93,112,SOLUFAR,HUECHURABA,HUECHURABA,"LEQUENA 6683, LOCAL C",08:00:00,07:59:00,+560,-33.3595941,-70.6826858,martes,2024-09-17-4554-7-93-112,2024-09-17 17:43:24.712036
2024-09-17,4577,6,72,55,SANTO REMEDIO,RINCONADA,RINCONADA,"CARRETERA SAN MARTIN N°685, L-12",09:00:00,20:00:00,+56+56957432515,-32.8334208343886,-70.6891530103657,martes,2024-09-17-4577-6-72-55,2024-09-17 17:43:24.712036
2024-09-17,4588,13,321,340,FARMACIA LA BOTICA DEL RIO,RIO NEGRO,RIO NEGRO,Vicuña Mackenna 257,09:30:00,18:00:00,+5678080990,-40.79532409999999,-73.2171458,martes,2024-09-17-4588-13-321-340,2024-09-17 17:43:24.712036
2024-09-17,4589,13,316,335,FARMACIA LA SALUD,PUYEHUE,PUYEHUE,"COCHRANE Nº 104, ENTRE LAGOS",10:00:00,19:00:00,+56642371586,-40.68377376608996,-72.59932266637878,martes,2024-09-17-4589-13-316-335,2024-09-17 17:43:24.712036
2024-09-17,4600,6,69,432,DON ANTONIO,QUILLOTA,LA PALMA,"AVENIDA RAFAEL ARIZTÍA Nº 530, LOCAL Nº 1538, QUILLOTA",09:30:00,20:00:00,+562335701,-32.8759507280719,-71.2347967649829,martes,2024-09-17-4600-6-69-432,2024-09-17 17:43:24.712036
2024-09-17,4663,6,80,433,AZUCENA,VIÑA DEL MAR,SANTA JULIA,"PASAJE BELGICA 1-D, SANTA JULIA",10:00:00,19:00:00,+562872433,-33.0057735200065,-71.4961181973553,martes,2024-09-17-4663-6-80-433,2024-09-17 17:43:24.712036
2024-09-17,4727,10,221,240,REDFARMA,LOTA,LOTA,PEDRO AGUIRRE CERDA 651,09:00:00,08:59:00,+560,-37.091962,-73.157283,martes,2024-09-17-4727-10-221-240,2024-09-17 17:43:24.712036
2024-09-17,4779,13,319,338,FARMACIA FENIX,QUEMCHI,QUEMCHI,DIEGO BAHAMONDE N°365-B QUEMCHI,10:00:00,18:00:00,+56978992440,-42.144203,-73.473397,martes,2024-09-17-4779-13-319-338,2024-09-17 17:43:24.712036
2024-09-17,4849,6,62,23,NOGALES,NOGALES,NOGALES,PEDRO FELIX VICUÑA 368,10:00:00,18:00:00,+5699978882,-32.7363782314795,-71.2008853485145,martes,2024-09-17-4849-6-62-23,2024-09-17 17:43:24.712036
2024-07-01,4854,5,39,95,FARMACIA DR. AMIGO,OVALLE,OVALLE,"VICUÑA MACKENNA 223, OVALLE",00:00:00,23:59:00,+56963060175,-30.603177402771216,-71.20148894672695,lunes,2024-07-01-4854-5-39-95,2024-09-17 17:43:24.712036
2024-09-17,4884,6,54,11,DEL PACIFICO,ISLA DE PASCUA,ISLA DE PASCUA,"ATAMU TEKENA S/N°,ISLA DE PASCUA",09:00:00,21:00:00,+563462797,-27.154553304603954,-109.43304036441803,martes,2024-09-17-4884-6-54-11,2024-09-17 17:43:24.712036
2024-09-17,5006,13,304,323,DRUGSTORE PATAGONIA,FUTALEUFU,FUTALEUFU,"ARTURO PRAT 330, FUTALEUFU",10:00:00,20:00:00,+56992992586,-43.1852697,-71.8674685,martes,2024-09-17-5006-13-304-323,2024-09-17 17:43:24.712036
2024-09-17,5040,6,69,437,CRUZ VERDE,QUILLOTA,COPA DE AGUA,"AVENIDA RAMÓN FREIRE Nº 1551, LOCAL Nº 9",09:00:00,21:00:00,+56332293683,-32.8980865719736,-71.246009861099,martes,2024-09-17-5040-6-69-437,2024-09-17 17:43:24.712036
2024-09-17,5059,7,111,130,MARIANA,PADRE HURTADO,PADRE HURTADO,SAN ALBERTO HURTADO 2483,08:00:00,07:59:00,+560,-33.5698982,-70.81637839999996,martes,2024-09-17-5059-7-111-130,2024-09-17 17:43:24.712036
2024-09-17,5077,6,79,438,DOCTOR FARMA,VILLA ALEMANA,TRONCOS VIEJOS,"POMETO 898, VILLA ALEMANA",11:00:00,20:00:00,+5698987243,-33.0574893110968,-71.3900819417226,martes,2024-09-17-5077-6-79-438,2024-09-17 17:43:24.712036
2024-09-17,5110,6,70,439,MARGA MARGA,QUILPUE,MARGA - MARGA,MARGA MARGA 1650.,09:00:00,21:00:00,+5690107454,-33.0565225519464,-71.4270512439142,martes,2024-09-17-5110-6-70-439,2024-09-17 17:43:24.712036
2024-09-17,5183,10,219,238,FARMACIA AHORRO MAS,LOS ALAMOS,LOS ALAMOS,JUAN ANTONIO RIOS 43,08:00:00,22:00:00,+56,-37.626503,-73.458692,martes,2024-09-17-5183-10-219-238,2024-09-17 17:43:24.712036
2024-09-17,5193,3,19,75,FARMACIA O´HIGGINS,TALTAL,TALTAL,"O´HIGGINS 265, TALTAL",09:00:00,23:00:00,+56996915608,-25.4064683,-70.4818328,martes,2024-09-17-5193-3-19-75,2024-09-17 17:43:24.712036
2024-09-17,5253,6,48,5,GALVEZ,CARTAGENA,CARTAGENA,"AV. EL PERAL N°295, CARTAGENA",09:00:00,23:00:00,+56978817152,-33.5259622,-71.5974592,martes,2024-09-17-5253-6-48-5,2024-09-17 17:43:24.712036
2024-09-17,5296,13,317,336,FARMACIA BUENAVIDA,QUEILEN,QUEILEN,"PEDRO AGUIRE CERDA N°162, QUEILEN",09:30:00,20:00:00,+56+56988095665,-42.8899545,-73.4753981,martes,2024-09-17-5296-13-317-336,2024-09-17 17:43:24.712036
2024-09-17,5322,7,123,142,SANA SANA,RENCA,RENCA,DOMINGO SANTA MARIA 3465,08:00:00,07:59:00,+560,-33.4090166,-70.69292189999999,martes,2024-09-17-5322-7-123-142,2024-09-17 17:43:24.712036
2024-09-17,5349,10,246,265,BIOSALUD,TOME,TOME,"MARIANO EGAÑA, 1016",09:00:00,08:59:00,+56412683230,-36.6184449,-72.95632749999999,martes,2024-09-17-5349-10-246-265,2024-09-17 17:43:24.712036
2024-09-17,5396,11,260,279,FARMACIA DR. SIMI,GORBEA,GORBEA,LORD COCHRANE N° 520,09:00:00,08:59:00,+562491029,-39.10065895491932,-72.67413139343262,martes,2024-09-17-5396-11-260-279,2024-09-17 17:43:24.712036
2024-09-17,5412,6,53,51,PLAZA HIJUELAS,HIJUELAS,HIJUELAS,MANUEL RODRíGUEZ #1496 LOCAL 1,10:00:00,20:00:00,+5696911000,-32.7997531,-71.14586550000001,martes,2024-09-17-5412-6-53-51,2024-09-17 17:43:24.712036
2024-09-17,5523,8,138,157,FARMACIA CODEGUA,CODEGUA,CODEGUA,"CALLE ANDES Nº 88, CODEGUA",09:45:00,19:30:00,,-34.0353709,-70.66730009999998,martes,2024-09-17-5523-8-138-157,2024-09-17 17:43:24.712036
2024-09-17,5543,6,70,448,ECOFARMACIAS,QUILPUE,CANAL CHACAO,LOS LUNES N°13 QUILPUÉ,09:00:00,19:00:00,+562270418,-33.035851,-71.4841017,martes,2024-09-17-5543-6-70-448,2024-09-17 17:43:24.712036
2024-09-17,5554,7,86,105,DB FARMACIAS,CERRO NAVIA,CERRO NAVIA,"MAPOCHO 7366, LOCAL  1",08:00:00,07:59:00,+56,,,martes,2024-09-17-5554-7-86-105,2024-09-17 17:43:24.712036
2024-09-17,5621,11,280,299,FARMACIA LAHUEN,VILCUN,VILCUN,ARTURO PRAT N° 394,09:00:00,08:59:00,+56984126521,-38.6699481,-72.22441220000002,martes,2024-09-17-5621-11-280-299,2024-09-17 17:43:24.712036
2024-09-17,5658,7,109,128,NUEVA SALUD,MELIPILLA,MELIPILLA,SERRANO 510,08:00:00,07:59:00,+560,-33.686269,-71.213993,martes,2024-09-17-5658-7-109-128,2024-09-17 17:43:24.712036
2024-09-17,5722,4,27,83,FARMACIA Y PERFUMERIA MI AROMA,HUASCO,HUASCO,RIQUELME Nº 199 - A,09:00:00,21:00:00,+56985042138,-28.4645224,-71.224622,martes,2024-09-17-5722-4-27-83,2024-09-17 17:43:24.712036
2024-07-01,5785,7,110,502,URGENCIA - AHUMADA,ÑUÑOA,ÑUÑOA URGENCIA,AVENIDA IRARRÁZAVAL 4221,00:00:00,23:59:00,+560,-33.455672,-70.58563,lunes,2024-07-01-5785-7-110-502,2024-09-17 17:43:24.712036
2024-09-17,5835,6,80,36,CRUZ VERDE,VIÑA DEL MAR,REÑACA,AV. BORGOÑO 14650 L-4,09:00:00,21:00:00,,-32.97038,-71.54308,martes,2024-09-17-5835-6-80-36,2024-09-17 17:43:24.712036
2024-09-17,5871,13,313,452,FARMACIA BOTICA BRAUNAU,PUERTO VARAS,NUEVA BRAUNAU,"OTTO KLEIN DORNER S/N°, NUEVA BRAUNAU, PUERTO VARAS",11:00:00,21:00:00,+5673108366,-41.3255893,-73.079912,martes,2024-09-17-5871-13-313-452,2024-09-17 17:43:24.712036
2024-09-17,5918,9,192,211,FARMACIA DR. SIMI,SAN JAVIER,SAN JAVIER,AVENIDA ARTURO PRAT Nº 2318,09:00:00,01:00:00,+56998039659,-35.5956521,-71.7299817,martes,2024-09-17-5918-9-192-211,2024-09-17 17:43:24.712036
2024-09-17,5957,11,270,289,FARMACIAS MIFARMA SPA,PITRUFQUEN,PITRUFQUEN,FRANCISCO BILBAO N° 343,09:00:00,08:59:00,+5638680884,-38.98562258572994,-72.64004005952454,martes,2024-09-17-5957-11-270-289,2024-09-17 17:43:24.712036
2024-07-01,5990,5,36,402,FARMACIA DR AMIGO,LA SERENA,LA SERENA,BALMACEDA N° 438,00:00:00,23:59:00,+5663060175,-29.902602536881606,-71.24978225337296,lunes,2024-07-01-5990-5-36-402,2024-09-17 17:43:24.712036
2024-09-17,5999,10,345,363,FARMACIA ARAVAL,HUALPEN,HUALPEN LOCALIDAD 1,TOSCANIA N° 3467 LOCAL 2,08:00:00,22:00:00,+560,-36.789160,-73.097169,martes,2024-09-17-5999-10-345-363,2024-09-17 17:43:24.712036
2024-09-17,6005,8,148,167,FARMACIA MANANTIALES,MALLOA,MALLOA,Daniel Bernales N°3,09:00:00,19:00:00,,-34.44190310714896,-70.94428390807343,martes,2024-09-17-6005-8-148-167,2024-09-17 17:43:24.712036
2024-09-17,6011,9,191,210,FARMACIA TALLÓN,SAN CLEMENTE,SAN CLEMENTE,ALEJANDRO CRUZ Nº124,09:00:00,01:00:00,+5644064309,-35.537894969611116,-71.48675707301635,martes,2024-09-17-6011-9-191-210,2024-09-17 17:43:24.712036
2024-09-17,6027,14,328,347,FARMACIA AHUMADA,COYHAIQUE,COYHAIQUE,"FRANCISCO BILBAO 317, COYHAIQUE, CHILE",09:00:00,23:45:00,+5667232740353,-45.572525,-72.070626,martes,2024-09-17-6027-14-328-347,2024-09-17 17:43:24.712036
2024-09-17,6028,8,140,159,DIVINA SALUD,COLTAUCO,COLTAUCO,ARTURO PRAT 321,09:00:00,18:30:00,+56992573946,-34.29296990000001,-71.08049789140166,martes,2024-09-17-6028-8-140-159,2024-09-17 17:43:24.712036
2024-09-17,6041,13,312,331,FARMACIA PUERTO OCTAY,PUERTO OCTAY,PUERTO OCTAY,AMUNATEGUI 598,09:00:00,19:00:00,+5683763772,-40.9731966,-72.8835636,martes,2024-09-17-6041-13-312-331,2024-09-17 17:43:24.712036
2024-09-17,6056,3,20,76,FARMACIA TOCOPILLA,TOCOPILLA,TOCOPILLA,21 DE MAYO 1532-1524,09:00:00,23:00:00,+56931169654,-22.09384082331364,-70.2016776021005,martes,2024-09-17-6056-3-20-76,2024-09-17 17:43:24.712036
2024-09-17,6148,7,114,133,CRUZ VERDE,PEÑAFLOR,PEÑAFLOR,BALMACEDA 750-A,08:00:00,07:59:00,+56,-33.608667,-70.856258,martes,2024-09-17-6148-7-114-133,2024-09-17 17:43:24.712036
2024-09-17,6160,15,339,358,FARMACIA MAS AYUDA,PUNTA ARENAS,PUNTA ARENAS,MARTINEZ DE ALDUNATE 1449 B ,09:00:00,23:00:00,+562277473,-53.164589,-70.917853,martes,2024-09-17-6160-15-339-358,2024-09-17 17:43:24.712036
2024-09-17,6166,9,190,209,FARMACIA MANZANO,SAGRADA FAMILIA,SAGRADA FAMILIA,AVENIDA ESPERANZA Nº537-A SAGRADA FAMILIA,09:00:00,22:00:00,+56988558080,-34.999543123051666,-71.37864796627046,martes,2024-09-17-6166-9-190-209,2024-09-17 17:43:24.712036
2024-09-17,6320,7,107,377,FARMA MAS,MAIPU,MAIPU SUR,"CABO DE HORNOS N° 0491, VILLA LOS HéROES",08:00:00,07:59:00,+56,-33.537207,-70.784922,martes,2024-09-17-6320-7-107-377,2024-09-17 17:43:24.712036
2024-09-17,6322,7,101,120,SERVIFARMA,LAMPA,LAMPA,"ARTURO PRAT N° 1377, LOCAL 4",09:00:00,21:00:00,+56,-33.286396,-70.874024,martes,2024-09-17-6322-7-101-120,2024-09-17 17:43:24.712036
2024-09-17,6338,6,70,33,MARGA MARGA,QUILPUE,QUILPUE,BLANCO 987,09:00:00,08:59:00,+5685767772,-33.0462909,-71.4394215,martes,2024-09-17-6338-6-70-33,2024-09-17 17:43:24.712036
2024-09-17,6340,6,57,13,DR. SIMI,LA CRUZ,LA CRUZ,"AVENIDA 21 DE MAYO 5426, LOCALES 8 Y 9",09:00:00,21:00:00,,-32.8264811,-71.2268265,martes,2024-09-17-6340-6-57-13,2024-09-17 17:43:24.712036
2024-07-01,6351,10,210,229,FARMACIA CRUZ VERDE,CONCEPCION,COLLAO,AV: ROOSEVELT N° 1694,00:00:00,23:59:00,,-36.822028,-73.035950,lunes,2024-07-01-6351-10-210-229,2024-09-17 17:43:24.712036
2024-09-17,6409,6,78,27,NUEVA,VALPARAISO,PLACILLA,OBISPO VALDES SUBERCASEAUX 1285 CURAUMA,09:00:00,23:00:00,+56937349774,-33.1194136,-71.5725049,martes,2024-09-17-6409-6-78-27,2024-09-17 17:43:24.712036
2024-09-17,6497,7,91,110,AURA FARMA,EL MONTE,EL MONTE,AVENIDA LOS LIBERTADORES N° 1724,09:00:00,21:00:00,+56,-33.689036,-71.047561,martes,2024-09-17-6497-7-91-110,2024-09-17 17:43:24.712036
2024-09-17,6681,7,98,117,SANTIAGO,LA GRANJA,LA GRANJA,"CORONEL 8623B, VILLA SERRANO",09:00:00,21:00:00,+56,-33.541954,-70.615665,martes,2024-09-17-6681-7-98-117,2024-09-17 17:43:24.712036
2024-09-17,6694,8,136,155,FARMACIA DOCTOR FARMA,CHEPICA,CHEPICA,"AVENIDA 18 DE SEPTIEMBRE, CHéPICA",09:00:00,19:00:00,+56967797925,-34.72744656158563,-71.27391203108246,martes,2024-09-17-6694-8-136-155,2024-09-17 17:43:24.712036
2024-09-17,6705,6,59,17,DR. SIMI,LIMACHE,LIMACHE,"PALMIRA ROMANO 1230, LOCAL 10",09:00:00,08:59:00,+5657418825,-33.0128563,-71.2712392,martes,2024-09-17-6705-6-59-17,2024-09-17 17:43:24.712036
2024-09-17,6718,11,281,450,FARMACIA MASSALUD SPA,VILLARRICA,LICAN RAY,GENERAL URRUTIA N° 605 LICAN RAY,09:00:00,08:59:00,+562605394,-39.488442,-72.158859,martes,2024-09-17-6718-11-281-450,2024-09-17 17:43:24.712036
2024-09-17,6762,13,298,317,FARMACEUTICA CHILOE,CHONCHI,CHONCHI,SARGENTO CANDELARIA N°371,08:00:00,23:59:00,+5656932847717,-42.622067,-73.779608,martes,2024-09-17-6762-13-298-317,2024-09-17 17:43:24.712036
2024-09-17,6763,6,50,8,SANA SANA,CONCON,CONCON,AV. CONCON REÑACA 296,09:00:00,08:59:00,+562416 8359,-32.93394979999999,-71.5316035,martes,2024-09-17-6763-6-50-8,2024-09-17 17:43:24.712036
2024-09-17,6792,8,158,177,FARMACIA PUNTA DE LOBOS,PICHILEMU,PICHILEMU,COMERCIO 2241,09:00:00,08:59:00,+56930823420,-34.40562344129005,-72.0257757674591,martes,2024-09-17-6792-8-158-177,2024-09-17 17:43:24.712036
2024-09-17,6807,8,147,166,MI FARMA,MACHALI,MACHALI,"AVENIDA SAN JUAN 767, MACHALÍ",09:00:00,23:59:00,,-34.17395,-70.68894999999999,martes,2024-09-17-6807-8-147-166,2024-09-17 17:43:24.712036
2024-09-17,6829,7,95,114,PUNTOSALUD,ISLA DE MAIPO,ISLA DE MAIPO,CORTEZ N° 78-B,09:00:00,21:00:00,,-33.75281,-70.90294,martes,2024-09-17-6829-7-95-114,2024-09-17 17:43:24.712036
2024-09-17,6895,8,152,171,FARMACIA OLIFARMA,OLIVAR,OLIVAR,AV. JOSé HIPóLITO SALAS N°112,09:00:00,21:00:00,+56920404104,-34.2098064,-70.8220757,martes,2024-09-17-6895-8-152-171,2024-09-17 17:43:24.712036
2024-09-17,6908,7,116,135,SALCOBRAND,PIRQUE,PIRQUE,"AVENIDA VIRGINIA SUBERCASEAUX N° 447, LOCAL 2, EL LLANO",09:00:00,21:00:00,+56,-33.63685,-70.57647,martes,2024-09-17-6908-7-116-135,2024-09-17 17:43:24.712036
2024-09-17,6910,8,144,163,FARMACIA M Y N,LAS CABRAS,LAS CABRAS,AVENIDA CARLOS FRESNO Nº 564,09:00:00,08:59:00,,-34.2899698,-71.30957660000001,martes,2024-09-17-6910-8-144-163,2024-09-17 17:43:24.712036
2024-09-17,7062,2,5,61,FARMACIA MEGAFARMA,ALTO HOSPICIO,ALTO HOSPICIO,LAS AMERICAS N°4141,08:00:00,23:59:00,+56948664829,-20.286389,-70.102924,martes,2024-09-17-7062-2-5-61,2024-09-17 17:43:24.712036
2024-09-17,7068,7,119,529,CIELO ANDINO,PUENTE ALTO,PUENTE ALTO ESTE,AVENIDA NONATO COO 1062,08:00:00,07:59:00,569798899,-33.59936,-70.56582,martes,2024-09-17-7068-7-119-529,2024-09-17 17:43:24.712036
2024-09-17,7095,11,267,286,FARMACIA ESFARMA,NUEVA IMPERIAL,NUEVA IMPERIAL,"AVENIDA REPÚBLICA Nº 770, LOCAL Nº 1B Y LOCAL Nº12",09:00:00,08:59:00,,-38.74949253211742,-72.94619780859833,martes,2024-09-17-7095-11-267-286,2024-09-17 17:43:24.712036
2024-09-17,7146,9,194,417,"FARMACIA ECO FARMA, CAMINO PUERTAS NEGRAS",TALCA,TALCA PERIMETRAL,"CALLE 4 SUR, LOTEO POETA MAX JARA Nº4219",09:00:00,23:00:00,+56981357862,-35.440969,-71.614345,martes,2024-09-17-7146-9-194-417,2024-09-17 17:43:24.712036
2024-09-17,7151,9,179,198,FARMACIA DEL MAULE,LONGAVI,LONGAVI,1 NORTE Nº385 B,09:00:00,23:59:00,+56973009901,-35.966371,-71.682844,martes,2024-09-17-7151-9-179-198,2024-09-17 17:43:24.712036
2024-09-17,7178,16,235,254,PUNTOFARMACIA,SAN CARLOS,SAN CARLOS - LOCALIDAD 1,"JOSE MANUEL BALMACEDA N° 546, LOCAL 6",09:00:00,08:59:00,+569971354049,-36.42562,-71.95681,martes,2024-09-17-7178-16-235-254,2024-09-17 17:43:24.712036
2024-09-17,7268,13,323,342,BOTICA SAN PABLO,SAN PABLO,SAN PABLO,"PAGLIETA 659, LOCAL 7 , SAN PABLO",12:00:00,19:00:00,+56992906667,-40.414840,-73.011465,martes,2024-09-17-7268-13-323-342,2024-09-17 17:43:24.712036
2024-09-17,7269,7,84,103,MAS SALUD,CALERA DE TANGO,CALERA DE TANGO,"CALERA DE TANGO, PARCELA 11, LOCAL 4, PARADERO 9",09:00:00,21:00:00,+56,-33.62746,-70.76932,martes,2024-09-17-7269-7-84-103,2024-09-17 17:43:24.712036
2024-09-17,7504,6,74,56,SAN ESTEBAN,SAN ESTEBAN,SAN ESTEBAN,"AV. ALESSANDRI N° 1609 LOCAL 4, SAN ESTEBAN",10:00:00,20:00:00,+56999198932,-32.8082602,-70.5844951,martes,2024-09-17-7504-6-74-56,2024-09-17 17:43:24.712036
2024-09-17,7650,8,155,174,FARMACIA DR.SIMI ,PERALILLO,PERALILLO,AV.ERRAZURIZ N° 380-A,09:00:00,23:59:00,+56992847622,-34.47979335846952,-71.47924911104508,martes,2024-09-17-7650-8-155-174,2024-09-17 17:43:24.712036
2024-09-17,7651,8,165,184,FARMACIA LA PRINCIPAL,SAN FERNANDO,SAN FERNANDO,RANCAGUA N°722,09:00:00,08:59:00,+56962645460,-34.58708558366607,-70.98316644295691,martes,2024-09-17-7651-8-165-184,2024-09-17 17:43:24.712036
2024-09-17,7692,13,313,385,FARMACIA MIRADOR,PUERTO VARAS,SECTOR PERIFERIA,"VOLCÁN SIERRA NEVADA, MZ 10 LOTE 12, MIRADOR DE PUERTO VARAS",09:00:00,21:00:00,+5673842385,-41.344452,-72.945917,martes,2024-09-17-7692-13-313-385,2024-09-17 17:43:24.712036
2024-09-17,7699,7,85,104,CRUZ VERDE,CERRILLOS,CERRILLOS,"CAMINO A MELIPILLA 7003, LOCAL A-1",09:00:00,21:00:00,+56,-33.501488,-70.710672,martes,2024-09-17-7699-7-85-104,2024-09-17 17:43:24.712036
2024-09-17,7711,11,279,298,FARMACIAS FARMATOTAL(L-05),VICTORIA,VICTORIA,GENERAL LAGOS N° 570,09:00:00,08:59:00,,-38.2345773,-72.3327888,martes,2024-09-17-7711-11-279-298,2024-09-17 17:43:24.712036
2024-09-17,7716,4,25,81,FARMACIA KARAL,DIEGO DE ALMAGRO,DIEGO DE ALMAGRO,AV. JUAN MARTÍNEZ N°714,09:00:00,21:00:00,+56998313278,-26.390569951165396,-70.04224748453844,martes,2024-09-17-7716-4-25-81,2024-09-17 17:43:24.712036
2024-09-17,7787,6,73,518,ALTO MIRADOR,SAN ANTONIO,ALTO MIRADOR,AVENIDA MANUEL MONTT TORRES 993-A,09:30:00,21:00:00,+56949575470,-33.591636367322955,-71.59806830369624,martes,2024-09-17-7787-6-73-518,2024-09-17 17:43:24.712036
2024-09-17,7790,6,63,24,MARGA MARGA,OLMUE,OLMUE,"DIEGO PORTALES 2998, LOCAL 100",09:00:00,21:00:00,+5685767772,-32.9877778,-71.1850558,martes,2024-09-17-7790-6-63-24,2024-09-17 17:43:24.712036
2024-09-17,7821,10,210,375,FARMACIA 21 DE MAYO,CONCEPCION,CONCEPCION CENTRO,"O'HIGGINS PONIENTE N°77, LOCAL 5",08:00:00,22:00:00,+5611111111,-36.83167,-73.05948,martes,2024-09-17-7821-10-210-375,2024-09-17 17:43:24.712036
2024-09-17,7922,8,147,523,FARMACIA ALEMANA,MACHALI,MACHALI ESPECIFICA,"PEDRO AGUIRRE CERDA 940, COYA",09:00:00,21:00:00,+56995029501,-34.20639105298255,-70.53115476071319,martes,2024-09-17-7922-8-147-523,2024-09-17 17:43:24.712036
2024-09-17,7955,6,80,519,SANTA INES,VIÑA DEL MAR,SANTA INÉS,CALLE CUATRO N° 2480 LOCAL 1 Y 2,10:00:00,19:00:00,+56936300991,-33.00405363815621,-71.53723984232865,martes,2024-09-17-7955-6-80-519,2024-09-17 17:43:24.712036
2024-09-17,7968,6,80,428,UNIVERSAL,VIÑA DEL MAR,AGUA SANTA,MERCED ORIENTE N° 60 LOCAL B,08:00:00,18:00:00,+569999,-33.02975879153825,-71.56192400668996,martes,2024-09-17-7968-6-80-428,2024-09-17 17:43:24.712036
2024-09-17,7977,11,261,280,FARMACIA CRUZ VERDE,LAUTARO,LAUTARO,AVDA O´HIGGINS N° 892 LAUTARO,09:00:00,08:59:00,+56956142633,-38.532622,-72.435036,martes,2024-09-17-7977-11-261-280,2024-09-17 17:43:24.712036
2024-09-17,8011,16,206,225,AB FARMA,CHILLAN VIEJO,CHILLAN VIEJO,"ANGEL PARRA N° 395, CHILLÁN VIEJO",08:00:00,22:00:00,+569856286351,-36.62242325857861,-72.13089988390651,martes,2024-09-17-8011-16-206-225,2024-09-17 17:43:24.712036
2024-09-17,8013,6,75,37,BOTICA SAN FELIPE,SAN FELIPE,SAN FELIPE,ARTURO PRAT 1082 - C,09:00:00,08:59:00,+56999999,-32.7503111,-70.7245247,martes,2024-09-17-8013-6-75-37,2024-09-17 17:43:24.712036
2024-07-01,8034,12,290,309,CRUZ VERDE,VALDIVIA,VALDIVIA,AVENIDA RAMÓN PICARTE N° 310,00:00:00,23:59:00,,-39.81404129174377,-73.24508514320313,lunes,2024-07-01-8034-12-290-309,2024-09-17 17:43:24.712036
2024-09-17,8039,13,306,325,FARMACIA DEL DOCTOR SIMI,LLANQUIHUE,LLANQUIHUE,"BAQUEDANO 613, LLANQUIHUE",08:00:00,23:59:00,+5665 2240065,-41.25623,-73.00541,martes,2024-09-17-8039-13-306-325,2024-09-17 17:43:24.712036
2024-09-17,8072,9,172,191,FARMACIA CONSTITUCIÓN,CONSTITUCION,CONSTITUCION,VIAL Nº224 LOCAL 3,09:00:00,08:59:00,+5692327407,-35.322228,-72.408324,martes,2024-09-17-8072-9-172-191,2024-09-17 17:43:24.712036
2024-09-17,8089,7,122,141,LA REBAJA,RECOLETA,RECOLETA,AVDA. RECOLETA 202,08:00:00,07:59:00,+56,-33.43097,-70.64800,martes,2024-09-17-8089-7-122-141,2024-09-17 17:43:24.712036
2024-09-17,8096,7,133,152,Drugstore,TALAGANTE,TALAGANTE,"REPÚBLICA 891, LOCALES 2 Y 3",08:00:00,07:59:00,,-33.66590,-70.93111,martes,2024-09-17-8096-7-133-152,2024-09-17 17:43:24.712036
2024-09-17,8098,6,70,453,EL RETIRO,QUILPUE,EL RETIRO,San Enrique N° 1324 local 1,09:30:00,19:30:00,+56998311688,-33.0392413,-71.4409721,martes,2024-09-17-8098-6-70-453,2024-09-17 17:43:24.712036
2024-09-17,8103,12,284,303,EL ALERCE,LA UNION,LA UNION,Esmeralda 485,09:00:00,08:59:00,+56994167764,-40.297264,-73.0819506,martes,2024-09-17-8103-12-284-303,2024-09-17 17:43:24.712036
2024-09-17,8141,8,150,169,FARMACIA DR SIMI,NANCAGUA,NANCAGUA,AVENIDA ARMANDO JARAMILLO N°217,09:00:00,23:00:00,+56,-34.65108038591084,-71.20401733069247,martes,2024-09-17-8141-8-150-169,2024-09-17 17:43:24.712036
2024-09-17,8167,14,329,348,FARMACIA LAS GUAITECAS,GUAITECAS,GUAITECAS,COQUIMBO S/N  ESQ. TOCOPILLA,10:00:00,20:00:00,+56931875865,-43.89703062575597,-73.74635341985169,martes,2024-09-17-8167-14-329-348,2024-09-17 17:43:24.712036
2024-09-17,9026,6,78,426,DR. SIMI,VALPARAISO,PLACERES,Manuel Antonio Matta 2460 LOCAL 2B,10:00:00,18:00:00,+569987199627,-33.0497849,-71.5758412,martes,2024-09-17-9026-6-78-426,2024-09-17 17:43:24.712036
2024-09-17,9176,8,158,535,FARMACIA SAN ANDRES,PICHILEMU,CAHUIL,"AVENIDA LAS SALINAS N 595, CAHUIL, PICHILEMU",10:00:00,20:00:00,+56948899769,-34.474135840671316,-72.02242075131225,martes,2024-09-17-9176-8-158-535,2024-09-17 17:43:24.712036
2024-07-01,9239,1,1,57,24 HORAS,ARICA,ARICA,18 de Septiembre 1061,00:00:00,23:59:00,,-18.482542,-70.31239959999999,lunes,2024-07-01-9239-1-1-57,2024-09-17 17:43:24.712036
2024-09-17,9265,8,154,173,FARMACIA ENTRE PUEBLOS,PAREDONES,PAREDONES,AVENIDA DOCTOR MOORE N 62-A,09:00:00,22:00:00,+56995815707,-34.6465031,-71.8994386,martes,2024-09-17-9265-8-154-173,2024-09-17 17:43:24.712036
2024-09-17,9278,6,67,30,SALCOBRAND (JUMBO MAITENCILLO),PUCHUNCAVI,PUCHUNCAVI,MARBELLA LOTE A LOCALES 9 Y 10,09:00:00,23:00:00,+56224223300,-32.722005,-71.41170039999997,martes,2024-09-17-9278-6-67-30,2024-09-17 17:43:24.712036
2024-09-17,9280,8,139,158,Farmacia Coinco,COINCO,COINCO,Francisco Díaz Muñoz 194,09:00:00,20:30:00,,-34.26949169158072,-70.95440643541258,martes,2024-09-17-9280-8-139-158,2024-09-17 17:43:24.712036
2024-09-17,9295,6,79,40,MAICAO ,VILLA ALEMANA,VILLA ALEMANA,Avenida Valparaíso 716,09:00:00,08:59:00,+56220944000,-33.04430920000001,-71.37404420000001,martes,2024-09-17-9295-6-79-40,2024-09-17 17:43:24.712036
2024-09-17,9318,13,296,315,FARMACIA CASTRO L1,CASTRO,CASTRO,IGNACIO SERRANO 420 CASTRO,09:00:00,08:59:00,+56979427763,-42.4815241,-73.7620581,martes,2024-09-17-9318-13-296-315,2024-09-17 17:43:24.712036
2024-09-17,9321,6,69,32,MAICAO,QUILLOTA,QUILLOTA,CHACABUCO 232,09:00:00,08:59:00,+5626944000,-32.8803027,-71.2497156,martes,2024-09-17-9321-6-69-32,2024-09-17 17:43:24.712036
2024-09-17,9359,11,262,281,FARMACIA NAROA,LONCOCHE,LONCOCHE,MANUEL BULNES N° 214,09:00:00,08:59:00,+56996878689,-39.368186,-72.631525,martes,2024-09-17-9359-11-262-281,2024-09-17 17:43:24.712036
2024-09-17,9388,8,148,525,FARMACIA PELQUÉN,MALLOA,PELEQUÉN,Avenida Santa Rosa 414,10:00:00,20:00:00,,-34.464627,-70.89478869999999,martes,2024-09-17-9388-8-148-525,2024-09-17 17:43:24.712036
2024-09-17,9396,13,302,321,FARMACIA MIRADOR DE FRESIA L2,FRESIA,FRESIA,SAN CARLOS 545,09:00:00,21:00:00,+56973647061,-41.15251355636818,-73.42246436871719,martes,2024-09-17-9396-13-302-321,2024-09-17 17:43:24.712036
2024-09-17,9413,13,299,318,FARMACIA FRACCIÓN,COCHAMO,COCHAMO,"AVENIDA CATEDRAL, COCHAMÓ",09:00:00,18:00:00,+56936541152,-41.49409748648109,-72.3085742203471,martes,2024-09-17-9413-13-299-318,2024-09-17 17:43:24.712036
2024-09-17,9418,9,174,418,FARMACIA EL BOLDO,CURICO,CURICO PERIMETRAL,"JUAN LUIS DIEZ, 2130",09:00:00,23:00:00,+56978918421,-34.969224532092674,-71.23027938724941,martes,2024-09-17-9418-9-174-418,2024-09-17 17:43:24.712036
2024-09-17,9482,9,178,197,FARMACIA ALBORNOZ,LINARES,LINARES,AV. PRESIDENTE IBAÑEZ Nº0371,09:00:00,08:59:00,+56944291144,-35.83772505936381,-71.60540995368115,martes,2024-09-17-9482-9-178-197,2024-09-17 17:43:24.712036
2024-09-17,9513,10,204,223,FARMAOCTAVA,CHIGUAYANTE,CHIGUAYANTE LOCALIDAD 1,Calle 8 Oriente 1508,09:00:00,08:59:00,+56949874196,-36.9063163,-73.0316496,martes,2024-09-17-9513-10-204-223,2024-09-17 17:43:24.712036
2024-09-17,9610,10,218,237,FARMACIA MAICAO,LEBU,LEBU LOCALIDAD 1,Rioseco 305,08:00:00,22:00:00,+56228261800,-37.60866,-73.65299,martes,2024-09-17-9610-10-218-237,2024-09-17 17:43:24.712036
2024-09-17,9710,6,49,7,DR. SIMI,CATEMU,CATEMU,EDUARDO RAGGIO N°20,09:00:00,21:00:00,+56342517775,-32.777734157061175,-70.96148465515594,martes,2024-09-17-9710-6-49-7,2024-09-17 17:43:24.712036
2024-07-01,9734,6,80,36,CRUZ VERDE ,VIÑA DEL MAR,REÑACA,Avenida Edmundo Eluchans 1850,00:00:00,23:59:00,+56322693901,-32.9582841,-71.54399409999999,lunes,2024-07-01-9734-6-80-36,2024-09-17 17:43:24.712036
2024-09-17,9756,6,73,19,FARMANOVA,SAN ANTONIO,SAN ANTONIO,Barros Luco 2058,09:00:00,08:59:00,+56935723467,-33.5985896,-71.6131583,martes,2024-09-17-9756-6-73-19,2024-09-17 17:43:24.712036
2024-09-17,9769,10,243,262,FARMACIA DR. SIMI,SANTA JUANA,SANTA JUANA,Lautaro 253,08:00:00,22:00:00,+56976499032,-37.17475387411894,-72.93929837486877,martes,2024-09-17-9769-10-243-262,2024-09-17 17:43:24.712036
2024-09-17,9801,6,51,9,NIBITHA,EL QUISCO,EL QUISCO,Avenida Isidoro Dubournais 4104,09:00:00,23:00:00,+56922196620,-33.4385922,-71.68407909999999,martes,2024-09-17-9801-6-51-9,2024-09-17 17:43:24.712036
2024-09-17,9806,9,181,200, FARMACIA MAICAO,MOLINA,MOLINA,QUECHEREGUAS 2025,09:00:00,01:00:00,+56966496760,-35.11564649999999,-71.2817175,martes,2024-09-17-9806-9-181-200,2024-09-17 17:43:24.712036
2024-09-17,9911,7,124,532,SAN GABRIEL,SAN BERNARDO,SAN BERNARDO CENTRO,"Arturo Prat 298, LOCAL 3",08:00:00,07:59:00,+56955120709,-33.5935,-70.7009999,martes,2024-09-17-9911-7-124-532,2024-09-17 17:43:24.712036
2024-09-17,9929,12,289,308,CRUZ VERDE,MARIQUINA,MARIQUINA,Calle Mariquina 1200,09:00:00,08:59:00,,-39.5388364,-72.96186469999999,martes,2024-09-17-9929-12-289-308,2024-09-17 17:43:24.712036
2024-09-17,9979,13,309,386,FARMACIA LA REBAJA,OSORNO,SECTOR RAHUE,AVENIDA REPÚBLICA 608,09:00:00,21:00:00,+56967263166,-40.5737177,-73.1543449,martes,2024-09-17-9979-13-309-386,2024-09-17 17:43:24.712036
2024-09-17,9982,16,208,227,FARMACIA COELEMU,COELEMU,COELEMU,Pedro León Gallo 321,08:00:00,22:00:00,+56946677389,-36.491114265522384,-72.7046131280072,martes,2024-09-17-9982-16-208-227,2024-09-17 17:43:24.712036
2024-09-17,10227,8,153,172,FARMACIA LA BOTIKA DEL VALLE,PALMILLA,PALMILLA,Anibal Pinto 7,09:30:00,19:00:00,+56932123557,-34.59569219999999,-71.36141239999999,martes,2024-09-17-10227-8-153-172,2024-09-17 17:43:24.712036
2024-09-17,10248,13,311,382,FARMACIA KAIROS,PUERTO MONTT,SECTOR CUARTA TERRAZA,Séptimo de Línea 445,09:00:00,21:00:00,+56997494912,-41.455754482972466,-72.94576098954926,martes,2024-09-17-10248-13-311-382,2024-09-17 17:43:24.712036
2024-09-17,10666,6,52,50, FARMACIA SAN PABLO,EL TABO,El TABO,Avenida Las Salinas 245,09:00:00,21:00:00,+5607-8613969,-33.492355,-71.6223454,martes,2024-09-17-10666-6-52-50,2024-09-17 17:43:24.712036
